Orthogroup,GeneFamily,Hleu,Lpic,Lvar,Mglob,Pliv,Spurp_prefixed,Total
OG0000000,SRCR,928.0,18.0,18.0,2.0,20.0,8.0,994.0
OG0000001,SRCR,341.0,41.0,31.0,71.0,66.0,59.0,609.0
OG0000004,SRCR,48.0,82.0,120.0,18.0,62.0,164.0,494.0
OG0000004,TLR,48.0,82.0,120.0,18.0,62.0,164.0,494.0
OG0000004,rhol,48.0,82.0,120.0,18.0,62.0,164.0,494.0
OG0000005,MSP130,42.0,63.0,55.0,31.0,124.0,118.0,433.0
OG0000016,SRCR,5.0,36.0,47.0,90.0,34.0,65.0,277.0
OG0000026,SRCR,7.0,24.0,29.0,8.0,30.0,133.0,231.0
OG0000030,SRCR,3.0,53.0,35.0,3.0,86.0,32.0,212.0
OG0000032,SRCR,51.0,23.0,27.0,16.0,54.0,36.0,207.0
OG0000033,SRCR,39.0,14.0,7.0,5.0,123.0,19.0,207.0
OG0000034,rhol,46.0,45.0,27.0,12.0,30.0,46.0,206.0
OG0000039,SRCR,57.0,8.0,0.0,10.0,107.0,9.0,191.0
OG0000046,opsin,40.0,17.0,18.0,21.0,68.0,15.0,179.0
OG0000046,rhol,40.0,17.0,18.0,21.0,68.0,15.0,179.0
OG0000051,SRCR,36.0,38.0,11.0,22.0,34.0,32.0,173.0
OG0000054,TLR,1.0,18.0,29.0,7.0,33.0,79.0,167.0
OG0000059,TLR,0.0,31.0,30.0,2.0,36.0,54.0,153.0
OG0000072,SRCR,14.0,11.0,16.0,10.0,15.0,60.0,126.0
OG0000081,opsin,0.0,3.0,3.0,4.0,45.0,61.0,116.0
OG0000081,rhol,0.0,3.0,3.0,4.0,45.0,61.0,116.0
OG0000104,SRCR,5.0,13.0,10.0,22.0,8.0,44.0,102.0
OG0000109,SRCR,2.0,24.0,21.0,6.0,11.0,32.0,96.0
OG0000109,opsin,2.0,24.0,21.0,6.0,11.0,32.0,96.0
OG0000116,SRCR,6.0,12.0,11.0,10.0,20.0,34.0,93.0
OG0000136,SRCR,3.0,14.0,15.0,11.0,17.0,25.0,85.0
OG0000146,SRCR,13.0,15.0,29.0,7.0,9.0,8.0,81.0
OG0000146,TLR,13.0,15.0,29.0,7.0,9.0,8.0,81.0
OG0000153,SRCR,14.0,13.0,6.0,11.0,12.0,22.0,78.0
OG0000156,opsin,16.0,10.0,11.0,6.0,7.0,27.0,77.0
OG0000156,rhol,16.0,10.0,11.0,6.0,7.0,27.0,77.0
OG0000178,TLR,10.0,13.0,10.0,9.0,9.0,22.0,73.0
OG0000203,SRCR,0.0,7.0,22.0,2.0,10.0,28.0,69.0
OG0000208,SRCR,42.0,5.0,6.0,1.0,2.0,11.0,67.0
OG0000208,TLR,42.0,5.0,6.0,1.0,2.0,11.0,67.0
OG0000212,TLR,0.0,14.0,18.0,5.0,10.0,20.0,67.0
OG0000236,SRCR,1.0,7.0,27.0,1.0,4.0,22.0,62.0
OG0000242,SRCR,4.0,4.0,2.0,1.0,9.0,41.0,61.0
OG0000245,opsin,3.0,9.0,6.0,24.0,7.0,11.0,60.0
OG0000245,rhol,3.0,9.0,6.0,24.0,7.0,11.0,60.0
OG0000249,opsin,2.0,13.0,13.0,6.0,4.0,22.0,60.0
OG0000249,rhol,2.0,13.0,13.0,6.0,4.0,22.0,60.0
OG0000278,TLR,35.0,4.0,6.0,1.0,3.0,6.0,55.0
OG0000296,opsin,15.0,6.0,12.0,8.0,4.0,7.0,52.0
OG0000296,rhol,15.0,6.0,12.0,8.0,4.0,7.0,52.0
OG0000299,opsin,0.0,9.0,6.0,0.0,10.0,27.0,52.0
OG0000299,rhol,0.0,9.0,6.0,0.0,10.0,27.0,52.0
OG0000306,SRCR,3.0,10.0,10.0,7.0,11.0,10.0,51.0
OG0000315,opsin,22.0,6.0,4.0,9.0,7.0,2.0,50.0
OG0000315,rhol,22.0,6.0,4.0,9.0,7.0,2.0,50.0
OG0000325,TLR,0.0,20.0,19.0,1.0,1.0,9.0,50.0
OG0000328,SRCR,0.0,0.0,0.0,0.0,0.0,50.0,50.0
OG0000335,SRCR,0.0,0.0,0.0,0.0,1.0,48.0,49.0
OG0000379,SRCR,4.0,3.0,17.0,2.0,4.0,14.0,44.0
OG0000384,TLR,6.0,10.0,12.0,1.0,5.0,10.0,44.0
OG0000386,opsin,9.0,7.0,8.0,3.0,3.0,14.0,44.0
OG0000386,rhol,9.0,7.0,8.0,3.0,3.0,14.0,44.0
OG0000387,rhol,2.0,8.0,9.0,7.0,8.0,10.0,44.0
OG0000469,rhol,11.0,7.0,10.0,3.0,2.0,5.0,38.0
OG0000501,SRCR,0.0,0.0,0.0,0.0,37.0,0.0,37.0
OG0000557,opsin,3.0,5.0,4.0,10.0,5.0,7.0,34.0
OG0000557,rhol,3.0,5.0,4.0,10.0,5.0,7.0,34.0
OG0000568,SRCR,0.0,10.0,4.0,1.0,8.0,11.0,34.0
OG0000583,SRCR,2.0,3.0,4.0,1.0,22.0,1.0,33.0
OG0000589,SRCR,0.0,3.0,9.0,2.0,7.0,12.0,33.0
OG0000603,rhol,2.0,5.0,6.0,3.0,3.0,13.0,32.0
OG0000604,FMO,8.0,7.0,9.0,3.0,2.0,3.0,32.0
OG0000654,SOX,1.0,4.0,8.0,1.0,4.0,12.0,30.0
OG0000700,opsin,15.0,3.0,0.0,7.0,0.0,4.0,29.0
OG0000704,TLR,1.0,6.0,4.0,6.0,5.0,7.0,29.0
OG0000744,opsin,1.0,2.0,1.0,2.0,16.0,6.0,28.0
OG0000760,SRCR,0.0,4.0,4.0,0.0,17.0,3.0,28.0
OG0000762,opsin,0.0,6.0,4.0,6.0,10.0,2.0,28.0
OG0000763,SRCR,0.0,2.0,4.0,2.0,2.0,18.0,28.0
OG0000765,SRCR,0.0,8.0,15.0,1.0,1.0,3.0,28.0
OG0000768,SRCR,0.0,0.0,2.0,0.0,26.0,0.0,28.0
OG0000788,NACHT,2.0,6.0,7.0,3.0,3.0,6.0,27.0
OG0000797,SRCR,0.0,6.0,2.0,2.0,4.0,13.0,27.0
OG0000800,TLR,0.0,1.0,2.0,4.0,1.0,19.0,27.0
OG0000812,TLR,18.0,2.0,1.0,0.0,2.0,3.0,26.0
OG0000817,opsin,6.0,6.0,4.0,1.0,3.0,6.0,26.0
OG0000817,rhol,6.0,6.0,4.0,1.0,3.0,6.0,26.0
OG0000848,SRCR,0.0,3.0,4.0,2.0,4.0,13.0,26.0
OG0000867,PKS,14.0,2.0,3.0,1.0,4.0,1.0,25.0
OG0000871,opsin,2.0,4.0,8.0,5.0,2.0,4.0,25.0
OG0000871,rhol,2.0,4.0,8.0,5.0,2.0,4.0,25.0
OG0000898,opsin,2.0,3.0,5.0,3.0,5.0,7.0,25.0
OG0000898,rhol,2.0,3.0,5.0,3.0,5.0,7.0,25.0
OG0000901,opsin,2.0,4.0,7.0,3.0,2.0,7.0,25.0
OG0000901,rhol,2.0,4.0,7.0,3.0,2.0,7.0,25.0
OG0000902,opsin,1.0,5.0,5.0,6.0,2.0,6.0,25.0
OG0000902,rhol,1.0,5.0,5.0,6.0,2.0,6.0,25.0
OG0000912,opsin,1.0,3.0,5.0,3.0,2.0,11.0,25.0
OG0000921,SRCR,0.0,1.0,2.0,1.0,9.0,12.0,25.0
OG0000947,hox11:13,3.0,4.0,3.0,3.0,6.0,5.0,24.0
OG0000958,opsin,9.0,3.0,3.0,1.0,3.0,5.0,24.0
OG0000958,rhol,9.0,3.0,3.0,1.0,3.0,5.0,24.0
OG0000965,opsin,0.0,4.0,4.0,6.0,4.0,6.0,24.0
OG0000968,pax,0.0,14.0,7.0,1.0,1.0,1.0,24.0
OG0001008,pax,4.0,4.0,4.0,3.0,3.0,5.0,23.0
OG0001032,TLR,0.0,5.0,7.0,1.0,3.0,7.0,23.0
OG0001079,SRCR,2.0,4.0,3.0,1.0,4.0,8.0,22.0
OG0001107,SRCR,1.0,6.0,4.0,6.0,3.0,2.0,22.0
OG0001122,opsin,0.0,4.0,4.0,5.0,4.0,5.0,22.0
OG0001156,TLR,3.0,2.0,2.0,3.0,2.0,9.0,21.0
OG0001157,fox,2.0,4.0,4.0,2.0,3.0,6.0,21.0
OG0001170,NACHT,1.0,2.0,3.0,1.0,1.0,13.0,21.0
OG0001185,opsin,3.0,3.0,4.0,3.0,3.0,5.0,21.0
OG0001185,rhol,3.0,3.0,4.0,3.0,3.0,5.0,21.0
OG0001187,opsin,4.0,3.0,3.0,2.0,3.0,6.0,21.0
OG0001187,rhol,4.0,3.0,3.0,2.0,3.0,6.0,21.0
OG0001206,opsin,3.0,2.0,6.0,0.0,4.0,6.0,21.0
OG0001206,rhol,3.0,2.0,6.0,0.0,4.0,6.0,21.0
OG0001212,SRCR,1.0,5.0,8.0,3.0,1.0,3.0,21.0
OG0001260,pax,2.0,2.0,5.0,2.0,2.0,7.0,20.0
OG0001287,rhol,3.0,4.0,3.0,3.0,2.0,5.0,20.0
OG0001288,TLR,1.0,3.0,6.0,3.0,4.0,3.0,20.0
OG0001323,opsin,0.0,6.0,5.0,4.0,1.0,4.0,20.0
OG0001323,rhol,0.0,6.0,5.0,4.0,1.0,4.0,20.0
OG0001338,TLR,0.0,1.0,1.0,1.0,1.0,16.0,20.0
OG0001339,SRCR,0.0,1.0,1.0,10.0,2.0,6.0,20.0
OG0001342,FMO,3.0,3.0,7.0,2.0,2.0,2.0,19.0
OG0001405,TLR,1.0,3.0,3.0,7.0,3.0,2.0,19.0
OG0001470,rhol,8.0,2.0,0.0,0.0,3.0,5.0,18.0
OG0001473,SRCR,1.0,1.0,6.0,1.0,1.0,8.0,18.0
OG0001492,PKS,2.0,8.0,1.0,2.0,1.0,4.0,18.0
OG0001504,fox,1.0,8.0,1.0,1.0,1.0,6.0,18.0
OG0001546,opsin,4.0,2.0,3.0,4.0,2.0,3.0,18.0
OG0001546,rhol,4.0,2.0,3.0,4.0,2.0,3.0,18.0
OG0001555,SRCR,1.0,1.0,9.0,0.0,5.0,2.0,18.0
OG0001595,opsin,0.0,3.0,3.0,5.0,2.0,5.0,18.0
OG0001595,rhol,0.0,3.0,3.0,5.0,2.0,5.0,18.0
OG0001596,opsin,0.0,3.0,5.0,5.0,2.0,3.0,18.0
OG0001596,rhol,0.0,3.0,5.0,5.0,2.0,3.0,18.0
OG0001599,rhol,0.0,7.0,3.0,2.0,2.0,4.0,18.0
OG0001617,SRCR,0.0,2.0,3.0,5.0,2.0,6.0,18.0
OG0001636,TLR,6.0,2.0,2.0,0.0,2.0,5.0,17.0
OG0001642,PKS,3.0,3.0,2.0,4.0,1.0,4.0,17.0
OG0001660,NACHT,1.0,1.0,7.0,1.0,1.0,6.0,17.0
OG0001661,pax,3.0,3.0,3.0,3.0,2.0,3.0,17.0
OG0001663,NACHT,1.0,3.0,3.0,2.0,3.0,5.0,17.0
OG0001771,SM30,0.0,2.0,4.0,3.0,1.0,7.0,17.0
OG0001771,SM50,0.0,2.0,4.0,3.0,1.0,7.0,17.0
OG0001778,TLR,0.0,1.0,5.0,1.0,3.0,7.0,17.0
OG0001791,SRCR,0.0,0.0,0.0,0.0,0.0,17.0,17.0
OG0001796,SRCR,1.0,0.0,0.0,1.0,11.0,3.0,16.0
OG0001862,NACHT,2.0,4.0,5.0,1.0,1.0,3.0,16.0
OG0001868,PKS,1.0,6.0,5.0,1.0,1.0,2.0,16.0
OG0001920,opsin,2.0,2.0,4.0,2.0,2.0,4.0,16.0
OG0001920,rhol,2.0,2.0,4.0,2.0,2.0,4.0,16.0
OG0001938,opsin,2.0,3.0,3.0,2.0,2.0,4.0,16.0
OG0001943,PKS,1.0,4.0,2.0,2.0,2.0,5.0,16.0
OG0001989,MSP130,0.0,1.0,3.0,1.0,1.0,10.0,16.0
OG0001990,SRCR,0.0,1.0,1.0,2.0,5.0,7.0,16.0
OG0001991,SRCR,0.0,5.0,5.0,3.0,1.0,2.0,16.0
OG0002001,NACHT,1.0,2.0,3.0,2.0,3.0,4.0,15.0
OG0002166,pax,1.0,2.0,2.0,1.0,1.0,8.0,15.0
OG0002187,pax,1.0,2.0,5.0,2.0,2.0,3.0,15.0
OG0002210,opsin,0.0,1.0,2.0,2.0,2.0,8.0,15.0
OG0002221,SM50,0.0,4.0,2.0,3.0,2.0,4.0,15.0
OG0002345,SRCR,1.0,1.0,2.0,1.0,1.0,8.0,14.0
OG0002461,opsin,0.0,3.0,3.0,4.0,1.0,3.0,14.0
OG0002507,SRCR,0.0,0.0,0.0,1.0,13.0,0.0,14.0
OG0002510,TLR,0.0,0.0,0.0,0.0,0.0,14.0,14.0
OG0002518,NACHT,1.0,2.0,5.0,1.0,1.0,3.0,13.0
OG0002526,opsin,2.0,2.0,2.0,2.0,2.0,3.0,13.0
OG0002537,pax,2.0,3.0,2.0,2.0,2.0,2.0,13.0
OG0002543,opsin,1.0,2.0,6.0,1.0,1.0,2.0,13.0
OG0002543,rhol,1.0,2.0,6.0,1.0,1.0,2.0,13.0
OG0002600,NACHT,2.0,2.0,2.0,2.0,1.0,4.0,13.0
OG0002685,opsin,2.0,1.0,2.0,2.0,4.0,2.0,13.0
OG0002685,rhol,2.0,1.0,2.0,2.0,4.0,2.0,13.0
OG0002731,NACHT,1.0,4.0,4.0,1.0,1.0,2.0,13.0
OG0002774,opsin,1.0,5.0,3.0,0.0,1.0,3.0,13.0
OG0002774,rhol,1.0,5.0,3.0,0.0,1.0,3.0,13.0
OG0002840,FMO,0.0,2.0,2.0,2.0,2.0,5.0,13.0
OG0002842,opsin,0.0,2.0,2.0,1.0,2.0,6.0,13.0
OG0002844,rhol,0.0,2.0,2.0,3.0,1.0,5.0,13.0
OG0002851,SRCR,0.0,2.0,2.0,2.0,1.0,6.0,13.0
OG0002873,SRCR,0.0,7.0,1.0,0.0,1.0,4.0,13.0
OG0002888,SRCR,0.0,0.0,0.0,0.0,1.0,12.0,13.0
OG0002891,SRCR,0.0,0.0,0.0,0.0,0.0,13.0,13.0
OG0002923,SRCR,2.0,2.0,2.0,2.0,2.0,2.0,12.0
OG0002936,opsin,1.0,2.0,4.0,2.0,1.0,2.0,12.0
OG0002936,rhol,1.0,2.0,4.0,2.0,1.0,2.0,12.0
OG0002961,opsin,5.0,1.0,4.0,1.0,0.0,1.0,12.0
OG0002961,rhol,5.0,1.0,4.0,1.0,0.0,1.0,12.0
OG0002966,SOX,1.0,2.0,2.0,1.0,1.0,5.0,12.0
OG0002967,TLR,1.0,4.0,1.0,1.0,2.0,3.0,12.0
OG0002980,pax,1.0,1.0,4.0,1.0,1.0,4.0,12.0
OG0003017,NACHT,1.0,2.0,4.0,1.0,1.0,3.0,12.0
OG0003051,hox11:13,3.0,2.0,2.0,2.0,1.0,2.0,12.0
OG0003092,opsin,1.0,3.0,2.0,2.0,1.0,3.0,12.0
OG0003092,rhol,1.0,3.0,2.0,2.0,1.0,3.0,12.0
OG0003177,TLR,1.0,1.0,5.0,1.0,1.0,3.0,12.0
OG0003193,NACHT,2.0,1.0,5.0,1.0,1.0,2.0,12.0
OG0003203,opsin,1.0,2.0,1.0,1.0,6.0,1.0,12.0
OG0003203,rhol,1.0,2.0,1.0,1.0,6.0,1.0,12.0
OG0003228,pax,1.0,6.0,3.0,0.0,1.0,1.0,12.0
OG0003234,opsin,1.0,2.0,2.0,3.0,2.0,2.0,12.0
OG0003243,FMO,2.0,1.0,4.0,1.0,1.0,3.0,12.0
OG0003292,opsin,0.0,2.0,4.0,1.0,2.0,3.0,12.0
OG0003303,SRCR,0.0,2.0,2.0,1.0,5.0,2.0,12.0
OG0003313,opsin,0.0,4.0,3.0,2.0,1.0,2.0,12.0
OG0003313,rhol,0.0,4.0,3.0,2.0,1.0,2.0,12.0
OG0003322,opsin,0.0,3.0,3.0,1.0,1.0,4.0,12.0
OG0003345,opsin,0.0,2.0,4.0,3.0,2.0,1.0,12.0
OG0003387,TLR,6.0,1.0,2.0,0.0,1.0,1.0,11.0
OG0003459,opsin,1.0,3.0,2.0,1.0,2.0,2.0,11.0
OG0003459,rhol,1.0,3.0,2.0,1.0,2.0,2.0,11.0
OG0003544,opsin,2.0,1.0,1.0,1.0,0.0,6.0,11.0
OG0003544,rhol,2.0,1.0,1.0,1.0,0.0,6.0,11.0
OG0003590,opsin,2.0,2.0,1.0,2.0,2.0,2.0,11.0
OG0003590,rhol,2.0,2.0,1.0,2.0,2.0,2.0,11.0
OG0003611,NACHT,1.0,3.0,3.0,1.0,1.0,2.0,11.0
OG0003664,opsin,2.0,1.0,2.0,3.0,1.0,2.0,11.0
OG0003664,rhol,2.0,1.0,2.0,3.0,1.0,2.0,11.0
OG0003706,opsin,2.0,2.0,4.0,1.0,1.0,1.0,11.0
OG0003706,rhol,2.0,2.0,4.0,1.0,1.0,1.0,11.0
OG0003736,hox11:13,1.0,2.0,3.0,2.0,1.0,2.0,11.0
OG0003786,TLR,1.0,2.0,3.0,0.0,1.0,4.0,11.0
OG0003832,SRCR,1.0,2.0,1.0,2.0,3.0,2.0,11.0
OG0003881,opsin,1.0,2.0,3.0,2.0,1.0,2.0,11.0
OG0003881,rhol,1.0,2.0,3.0,2.0,1.0,2.0,11.0
OG0003892,opsin,1.0,2.0,2.0,2.0,2.0,2.0,11.0
OG0003892,rhol,1.0,2.0,2.0,2.0,2.0,2.0,11.0
OG0003926,opsin,0.0,3.0,3.0,1.0,1.0,3.0,11.0
OG0003926,rhol,0.0,3.0,3.0,1.0,1.0,3.0,11.0
OG0003961,SRCR,0.0,1.0,6.0,1.0,1.0,2.0,11.0
OG0004000,opsin,0.0,4.0,3.0,1.0,1.0,2.0,11.0
OG0004018,SRCR,0.0,0.0,0.0,0.0,0.0,11.0,11.0
OG0004051,NACHT,1.0,3.0,2.0,1.0,1.0,2.0,10.0
OG0004136,fox,2.0,2.0,2.0,1.0,1.0,2.0,10.0
OG0004227,opsin,1.0,1.0,2.0,1.0,1.0,4.0,10.0
OG0004274,opsin,5.0,1.0,1.0,1.0,1.0,1.0,10.0
OG0004274,rhol,5.0,1.0,1.0,1.0,1.0,1.0,10.0
OG0004300,pax,1.0,1.0,2.0,1.0,1.0,4.0,10.0
OG0004309,hox11:13,2.0,1.0,2.0,2.0,1.0,2.0,10.0
OG0004340,TLR,1.0,1.0,3.0,1.0,2.0,2.0,10.0
OG0004349,opsin,1.0,1.0,5.0,1.0,1.0,1.0,10.0
OG0004349,rhol,1.0,1.0,5.0,1.0,1.0,1.0,10.0
OG0004367,opsin,1.0,2.0,2.0,2.0,1.0,2.0,10.0
OG0004367,rhol,1.0,2.0,2.0,2.0,1.0,2.0,10.0
OG0004659,opsin,2.0,1.0,2.0,1.0,2.0,2.0,10.0
OG0004659,rhol,2.0,1.0,2.0,1.0,2.0,2.0,10.0
OG0004670,pax,1.0,1.0,1.0,1.0,1.0,5.0,10.0
OG0004740,SRCR,0.0,2.0,5.0,1.0,1.0,1.0,10.0
OG0004960,NACHT,2.0,1.0,2.0,1.0,2.0,1.0,9.0
OG0004998,SRCR,1.0,2.0,2.0,1.0,1.0,2.0,9.0
OG0005023,NACHT,2.0,3.0,1.0,1.0,1.0,1.0,9.0
OG0005028,TLR,1.0,4.0,2.0,0.0,1.0,1.0,9.0
OG0005075,NACHT,1.0,2.0,2.0,1.0,1.0,2.0,9.0
OG0005134,fox,1.0,2.0,2.0,1.0,2.0,1.0,9.0
OG0005152,opsin,1.0,2.0,1.0,1.0,2.0,2.0,9.0
OG0005152,rhol,1.0,2.0,1.0,1.0,2.0,2.0,9.0
OG0005175,opsin,1.0,2.0,1.0,1.0,2.0,2.0,9.0
OG0005175,rhol,1.0,2.0,1.0,1.0,2.0,2.0,9.0
OG0005227,pax,1.0,1.0,4.0,1.0,1.0,1.0,9.0
OG0005240,TLR,2.0,1.0,3.0,1.0,1.0,1.0,9.0
OG0005275,NACHT,4.0,1.0,1.0,1.0,1.0,1.0,9.0
OG0005283,fox,1.0,1.0,2.0,1.0,2.0,2.0,9.0
OG0005305,hox11:13,1.0,2.0,2.0,1.0,1.0,2.0,9.0
OG0005375,hox11:13,1.0,2.0,2.0,1.0,1.0,2.0,9.0
OG0005407,pax,1.0,4.0,2.0,1.0,0.0,1.0,9.0
OG0005468,PKS,1.0,2.0,3.0,1.0,1.0,1.0,9.0
OG0005497,SRCR,1.0,2.0,2.0,1.0,1.0,2.0,9.0
OG0005568,NACHT,1.0,1.0,3.0,1.0,1.0,2.0,9.0
OG0005655,SRCR,0.0,1.0,1.0,1.0,2.0,4.0,9.0
OG0005690,opsin,0.0,3.0,3.0,2.0,0.0,1.0,9.0
OG0005714,opsin,0.0,3.0,1.0,0.0,5.0,0.0,9.0
OG0005714,rhol,0.0,3.0,1.0,0.0,5.0,0.0,9.0
OG0005726,opsin,0.0,2.0,2.0,1.0,2.0,2.0,9.0
OG0005726,rhol,0.0,2.0,2.0,1.0,2.0,2.0,9.0
OG0005727,opsin,0.0,2.0,2.0,1.0,1.0,3.0,9.0
OG0005727,rhol,0.0,2.0,2.0,1.0,1.0,3.0,9.0
OG0005754,SRCR,0.0,2.0,3.0,1.0,1.0,2.0,9.0
OG0005818,SRCR,0.0,1.0,1.0,2.0,1.0,4.0,9.0
OG0005827,opsin,0.0,2.0,3.0,0.0,2.0,2.0,9.0
OG0005827,rhol,0.0,2.0,3.0,0.0,2.0,2.0,9.0
OG0005847,FMO,0.0,4.0,2.0,1.0,1.0,1.0,9.0
OG0005857,SRCR,0.0,2.0,1.0,2.0,2.0,2.0,9.0
OG0005868,SRCR,0.0,0.0,0.0,2.0,7.0,0.0,9.0
OG0005886,NACHT,1.0,1.0,2.0,1.0,1.0,2.0,8.0
OG0005892,NACHT,1.0,2.0,2.0,1.0,1.0,1.0,8.0
OG0005944,TLR,1.0,2.0,2.0,1.0,1.0,1.0,8.0
OG0005964,NACHT,1.0,2.0,1.0,1.0,1.0,2.0,8.0
OG0005982,opsin,1.0,1.0,4.0,0.0,0.0,2.0,8.0
OG0005982,rhol,1.0,1.0,4.0,0.0,0.0,2.0,8.0
OG0006014,rhol,1.0,1.0,2.0,1.0,1.0,2.0,8.0
OG0006034,NACHT,1.0,1.0,2.0,1.0,1.0,2.0,8.0
OG0006080,NACHT,1.0,1.0,2.0,1.0,1.0,2.0,8.0
OG0006147,opsin,1.0,1.0,1.0,2.0,2.0,1.0,8.0
OG0006172,TLR,1.0,3.0,0.0,0.0,0.0,4.0,8.0
OG0006185,NACHT,1.0,2.0,2.0,1.0,1.0,1.0,8.0
OG0006217,fox,1.0,1.0,3.0,1.0,1.0,1.0,8.0
OG0006245,SRCR,1.0,2.0,1.0,1.0,2.0,1.0,8.0
OG0006398,NACHT,1.0,1.0,3.0,1.0,1.0,1.0,8.0
OG0006406,NACHT,1.0,1.0,3.0,1.0,1.0,1.0,8.0
OG0006469,hox11:13,1.0,1.0,1.0,1.0,1.0,3.0,8.0
OG0006469,pax,1.0,1.0,1.0,1.0,1.0,3.0,8.0
OG0006481,PKS,1.0,1.0,2.0,1.0,1.0,2.0,8.0
OG0006494,opsin,1.0,1.0,2.0,2.0,1.0,1.0,8.0
OG0006612,TLR,2.0,1.0,1.0,1.0,1.0,2.0,8.0
OG0006642,NACHT,1.0,1.0,2.0,1.0,1.0,2.0,8.0
OG0006651,fox,1.0,2.0,2.0,1.0,1.0,1.0,8.0
OG0006757,hox11:13,1.0,2.0,2.0,1.0,1.0,1.0,8.0
OG0006757,pax,1.0,2.0,2.0,1.0,1.0,1.0,8.0
OG0006812,NACHT,1.0,1.0,1.0,2.0,1.0,2.0,8.0
OG0006836,NACHT,1.0,2.0,2.0,1.0,1.0,1.0,8.0
OG0006857,opsin,1.0,1.0,3.0,1.0,1.0,1.0,8.0
OG0006857,rhol,1.0,1.0,3.0,1.0,1.0,1.0,8.0
OG0006864,opsin,1.0,1.0,2.0,1.0,1.0,2.0,8.0
OG0006864,rhol,1.0,1.0,2.0,1.0,1.0,2.0,8.0
OG0006866,TLR,1.0,1.0,1.0,1.0,1.0,3.0,8.0
OG0006877,NACHT,1.0,1.0,3.0,1.0,1.0,1.0,8.0
OG0006904,hox11:13,1.0,2.0,1.0,1.0,1.0,2.0,8.0
OG0006904,pax,1.0,2.0,1.0,1.0,1.0,2.0,8.0
OG0006947,pax,1.0,1.0,2.0,2.0,1.0,1.0,8.0
OG0006978,opsin,1.0,1.0,2.0,1.0,1.0,2.0,8.0
OG0006978,rhol,1.0,1.0,2.0,1.0,1.0,2.0,8.0
OG0006991,TLR,1.0,2.0,1.0,1.0,2.0,1.0,8.0
OG0007029,opsin,1.0,2.0,1.0,1.0,1.0,2.0,8.0
OG0007029,rhol,1.0,2.0,1.0,1.0,1.0,2.0,8.0
OG0007045,NACHT,1.0,1.0,2.0,1.0,1.0,2.0,8.0
OG0007172,opsin,0.0,1.0,3.0,1.0,1.0,2.0,8.0
OG0007172,rhol,0.0,1.0,3.0,1.0,1.0,2.0,8.0
OG0007180,SRCR,0.0,1.0,1.0,3.0,2.0,1.0,8.0
OG0007201,opsin,0.0,1.0,4.0,1.0,1.0,1.0,8.0
OG0007201,rhol,0.0,1.0,4.0,1.0,1.0,1.0,8.0
OG0007203,opsin,0.0,2.0,2.0,1.0,2.0,1.0,8.0
OG0007234,SRCR,0.0,1.0,2.0,1.0,1.0,3.0,8.0
OG0007238,MSP130,0.0,1.0,1.0,1.0,1.0,4.0,8.0
OG0007243,opsin,0.0,2.0,1.0,1.0,1.0,3.0,8.0
OG0007243,rhol,0.0,2.0,1.0,1.0,1.0,3.0,8.0
OG0007257,SRCR,0.0,2.0,2.0,1.0,1.0,2.0,8.0
OG0007321,SRCR,0.0,2.0,1.0,2.0,1.0,2.0,8.0
OG0007371,MSP130,0.0,1.0,3.0,1.0,1.0,2.0,8.0
OG0007391,SRCR,0.0,3.0,2.0,1.0,1.0,1.0,8.0
OG0007393,SRCR,0.0,1.0,3.0,1.0,1.0,2.0,8.0
OG0007456,NACHT,1.0,2.0,1.0,1.0,1.0,1.0,7.0
OG0007485,NACHT,1.0,1.0,1.0,1.0,1.0,2.0,7.0
OG0007501,hox11:13,1.0,1.0,2.0,1.0,1.0,1.0,7.0
OG0007512,NACHT,1.0,1.0,1.0,1.0,1.0,2.0,7.0
OG0007525,PKS,1.0,1.0,1.0,1.0,1.0,2.0,7.0
OG0007540,hox11:13,1.0,1.0,1.0,1.0,1.0,2.0,7.0
OG0007540,pax,1.0,1.0,1.0,1.0,1.0,2.0,7.0
OG0007554,SRCR,1.0,1.0,1.0,2.0,1.0,1.0,7.0
OG0007616,NACHT,1.0,1.0,2.0,1.0,1.0,1.0,7.0
OG0007677,opsin,1.0,1.0,2.0,1.0,1.0,1.0,7.0
OG0007677,rhol,1.0,1.0,2.0,1.0,1.0,1.0,7.0
OG0007698,opsin,1.0,1.0,2.0,1.0,1.0,1.0,7.0
OG0007698,rhol,1.0,1.0,2.0,1.0,1.0,1.0,7.0
OG0007711,NACHT,1.0,1.0,1.0,1.0,1.0,2.0,7.0
OG0007733,hox11:13,1.0,2.0,1.0,1.0,1.0,1.0,7.0
OG0007771,opsin,1.0,1.0,1.0,1.0,1.0,2.0,7.0
OG0007771,rhol,1.0,1.0,1.0,1.0,1.0,2.0,7.0
OG0007799,opsin,1.0,1.0,2.0,0.0,1.0,2.0,7.0
OG0007799,rhol,1.0,1.0,2.0,0.0,1.0,2.0,7.0
OG0007812,fox,1.0,1.0,2.0,1.0,1.0,1.0,7.0
OG0007896,opsin,1.0,1.0,2.0,1.0,1.0,1.0,7.0
OG0007949,NACHT,1.0,1.0,1.0,1.0,1.0,2.0,7.0
OG0008043,NACHT,1.0,1.0,2.0,1.0,1.0,1.0,7.0
OG0008119,fox,1.0,1.0,2.0,1.0,1.0,1.0,7.0
OG0008173,NACHT,1.0,1.0,1.0,1.0,1.0,2.0,7.0
OG0008182,hox11:13,1.0,1.0,1.0,1.0,1.0,2.0,7.0
OG0008202,opsin,1.0,1.0,2.0,1.0,1.0,1.0,7.0
OG0008204,rhol,1.0,1.0,1.0,2.0,1.0,1.0,7.0
OG0008218,opsin,1.0,2.0,1.0,1.0,0.0,2.0,7.0
OG0008218,rhol,1.0,2.0,1.0,1.0,0.0,2.0,7.0
OG0008235,hox11:13,1.0,1.0,2.0,1.0,1.0,1.0,7.0
OG0008235,pax,1.0,1.0,2.0,1.0,1.0,1.0,7.0
OG0008240,NACHT,1.0,1.0,1.0,1.0,1.0,2.0,7.0
OG0008243,opsin,1.0,1.0,2.0,1.0,1.0,1.0,7.0
OG0008243,rhol,1.0,1.0,2.0,1.0,1.0,1.0,7.0
OG0008271,opsin,1.0,1.0,2.0,1.0,1.0,1.0,7.0
OG0008271,rhol,1.0,1.0,2.0,1.0,1.0,1.0,7.0
OG0008328,opsin,1.0,1.0,1.0,1.0,1.0,2.0,7.0
OG0008337,TLR,1.0,1.0,3.0,1.0,0.0,1.0,7.0
OG0008442,NACHT,1.0,1.0,1.0,2.0,1.0,1.0,7.0
OG0008491,NACHT,1.0,1.0,2.0,1.0,1.0,1.0,7.0
OG0008508,NACHT,1.0,1.0,1.0,1.0,1.0,2.0,7.0
OG0008561,opsin,1.0,1.0,2.0,0.0,1.0,2.0,7.0
OG0008720,fox,1.0,2.0,1.0,1.0,0.0,2.0,7.0
OG0008749,SOX,1.0,2.0,1.0,1.0,1.0,1.0,7.0
OG0008751,NACHT,1.0,1.0,1.0,1.0,1.0,2.0,7.0
OG0008826,pax,1.0,1.0,2.0,1.0,0.0,2.0,7.0
OG0008838,opsin,2.0,1.0,2.0,1.0,0.0,1.0,7.0
OG0008860,hox11:13,1.0,2.0,1.0,1.0,0.0,2.0,7.0
OG0008884,NACHT,1.0,1.0,2.0,1.0,1.0,1.0,7.0
OG0008898,SRCR,1.0,1.0,3.0,0.0,1.0,1.0,7.0
OG0008901,opsin,1.0,1.0,1.0,1.0,1.0,2.0,7.0
OG0008901,rhol,1.0,1.0,1.0,1.0,1.0,2.0,7.0
OG0008921,hox11:13,1.0,1.0,1.0,1.0,1.0,2.0,7.0
OG0008938,fox,1.0,2.0,2.0,0.0,1.0,1.0,7.0
OG0008965,opsin,1.0,1.0,1.0,1.0,1.0,2.0,7.0
OG0008965,rhol,1.0,1.0,1.0,1.0,1.0,2.0,7.0
OG0009033,opsin,1.0,1.0,2.0,1.0,0.0,2.0,7.0
OG0009033,rhol,1.0,1.0,2.0,1.0,0.0,2.0,7.0
OG0009037,NACHT,1.0,1.0,1.0,1.0,1.0,2.0,7.0
OG0009231,SRCR,1.0,1.0,2.0,1.0,1.0,1.0,7.0
OG0009232,opsin,1.0,1.0,1.0,2.0,1.0,1.0,7.0
OG0009232,rhol,1.0,1.0,1.0,2.0,1.0,1.0,7.0
OG0009290,SRCR,0.0,1.0,2.0,1.0,1.0,2.0,7.0
OG0009331,opsin,0.0,1.0,2.0,1.0,1.0,2.0,7.0
OG0009331,rhol,0.0,1.0,2.0,1.0,1.0,2.0,7.0
OG0009348,opsin,0.0,2.0,2.0,1.0,1.0,1.0,7.0
OG0009348,rhol,0.0,2.0,2.0,1.0,1.0,1.0,7.0
OG0009383,hox11:13,0.0,2.0,2.0,1.0,1.0,1.0,7.0
OG0009395,opsin,0.0,2.0,1.0,1.0,1.0,2.0,7.0
OG0009416,SRCR,0.0,1.0,2.0,1.0,2.0,1.0,7.0
OG0009421,opsin,0.0,2.0,4.0,0.0,0.0,1.0,7.0
OG0009428,opsin,0.0,1.0,1.0,1.0,2.0,2.0,7.0
OG0009437,pax,0.0,2.0,1.0,1.0,1.0,2.0,7.0
OG0009462,opsin,0.0,3.0,4.0,0.0,0.0,0.0,7.0
OG0009472,TLR,0.0,1.0,1.0,0.0,0.0,5.0,7.0
OG0009488,SRCR,0.0,1.0,2.0,1.0,1.0,2.0,7.0
OG0009493,FMO,0.0,3.0,1.0,1.0,1.0,1.0,7.0
OG0009522,opsin,0.0,1.0,2.0,2.0,1.0,1.0,7.0
OG0009522,rhol,0.0,1.0,2.0,2.0,1.0,1.0,7.0
OG0009529,SRCR,0.0,2.0,1.0,1.0,1.0,2.0,7.0
OG0009554,NACHT,0.0,1.0,2.0,2.0,1.0,1.0,7.0
OG0009594,opsin,0.0,1.0,2.0,2.0,0.0,2.0,7.0
OG0009596,rhol,0.0,2.0,2.0,0.0,1.0,2.0,7.0
OG0009603,MSP130,0.0,1.0,1.0,1.0,1.0,3.0,7.0
OG0009635,TLR,0.0,1.0,1.0,1.0,1.0,3.0,7.0
OG0009638,SRCR,0.0,1.0,2.0,2.0,1.0,1.0,7.0
OG0009639,SRCR,0.0,1.0,1.0,1.0,1.0,3.0,7.0
OG0009642,SRCR,0.0,3.0,1.0,1.0,1.0,1.0,7.0
OG0009644,SRCR,0.0,1.0,2.0,1.0,1.0,2.0,7.0
OG0009672,SRCR,0.0,0.0,0.0,0.0,2.0,5.0,7.0
OG0009676,opsin,0.0,0.0,0.0,0.0,0.0,7.0,7.0
OG0009762,gcml,1.0,1.0,1.0,1.0,1.0,1.0,6.0
OG0009777,opsin,1.0,1.0,1.0,1.0,1.0,1.0,6.0
OG0009821,SOX,1.0,1.0,1.0,1.0,1.0,1.0,6.0
OG0009825,SOX,1.0,1.0,1.0,1.0,1.0,1.0,6.0
OG0009828,opsin,1.0,1.0,1.0,1.0,1.0,1.0,6.0
OG0009828,rhol,1.0,1.0,1.0,1.0,1.0,1.0,6.0
OG0009851,hox11:13,1.0,1.0,1.0,1.0,1.0,1.0,6.0
OG0009851,pax,1.0,1.0,1.0,1.0,1.0,1.0,6.0
OG0009864,PKS,1.0,1.0,1.0,1.0,0.0,2.0,6.0
OG0009885,opsin,1.0,1.0,1.0,1.0,1.0,1.0,6.0
OG0009885,rhol,1.0,1.0,1.0,1.0,1.0,1.0,6.0
OG0009886,opsin,1.0,1.0,1.0,1.0,1.0,1.0,6.0
OG0009886,rhol,1.0,1.0,1.0,1.0,1.0,1.0,6.0
OG0009915,opsin,1.0,1.0,1.0,1.0,1.0,1.0,6.0
OG0009915,rhol,1.0,1.0,1.0,1.0,1.0,1.0,6.0
OG0009927,hox11:13,1.0,1.0,1.0,1.0,1.0,1.0,6.0
OG0009939,opsin,1.0,1.0,1.0,2.0,0.0,1.0,6.0
OG0010000,SRCR,1.0,1.0,1.0,1.0,1.0,1.0,6.0
OG0010059,NACHT,1.0,1.0,1.0,1.0,1.0,1.0,6.0
OG0010146,opsin,1.0,1.0,1.0,1.0,1.0,1.0,6.0
OG0010146,rhol,1.0,1.0,1.0,1.0,1.0,1.0,6.0
OG0010277,fox,1.0,1.0,1.0,1.0,1.0,1.0,6.0
OG0010285,opsin,1.0,1.0,1.0,1.0,1.0,1.0,6.0
OG0010293,TLR,1.0,1.0,2.0,1.0,1.0,0.0,6.0
OG0010380,SOX,1.0,1.0,1.0,1.0,1.0,1.0,6.0
OG0010384,opsin,1.0,1.0,1.0,1.0,1.0,1.0,6.0
OG0010388,pax,1.0,1.0,1.0,1.0,1.0,1.0,6.0
OG0010415,PKS,1.0,1.0,1.0,1.0,1.0,1.0,6.0
OG0010430,opsin,1.0,1.0,1.0,1.0,1.0,1.0,6.0
OG0010430,rhol,1.0,1.0,1.0,1.0,1.0,1.0,6.0
OG0010431,hox11:13,1.0,1.0,1.0,1.0,1.0,1.0,6.0
OG0010470,pax,1.0,1.0,2.0,1.0,0.0,1.0,6.0
OG0010540,TLR,1.0,1.0,1.0,1.0,1.0,1.0,6.0
OG0010540,opsin,1.0,1.0,1.0,1.0,1.0,1.0,6.0
OG0010540,rhol,1.0,1.0,1.0,1.0,1.0,1.0,6.0
OG0010562,NACHT,1.0,1.0,1.0,1.0,1.0,1.0,6.0
OG0010567,FMO,1.0,1.0,1.0,1.0,1.0,1.0,6.0
OG0010582,NACHT,1.0,1.0,1.0,1.0,1.0,1.0,6.0
OG0010609,NACHT,1.0,1.0,1.0,1.0,1.0,1.0,6.0
OG0010618,fox,1.0,1.0,1.0,1.0,1.0,1.0,6.0
OG0010621,TLR,1.0,1.0,1.0,1.0,0.0,2.0,6.0
OG0010711,fox,1.0,1.0,1.0,1.0,1.0,1.0,6.0
OG0010729,pax,1.0,1.0,1.0,1.0,1.0,1.0,6.0
OG0010751,fox,1.0,1.0,1.0,1.0,1.0,1.0,6.0
OG0010778,TLR,1.0,1.0,1.0,1.0,1.0,1.0,6.0
OG0010800,fox,1.0,1.0,1.0,1.0,1.0,1.0,6.0
OG0010821,opsin,1.0,1.0,1.0,1.0,1.0,1.0,6.0
OG0010852,hox11:13,1.0,1.0,1.0,1.0,1.0,1.0,6.0
OG0010852,pax,1.0,1.0,1.0,1.0,1.0,1.0,6.0
OG0010862,hox11:13,1.0,1.0,1.0,1.0,1.0,1.0,6.0
OG0010862,pax,1.0,1.0,1.0,1.0,1.0,1.0,6.0
OG0010866,PKS,1.0,1.0,1.0,1.0,1.0,1.0,6.0
OG0010874,hox11:13,1.0,1.0,2.0,1.0,0.0,1.0,6.0
OG0010874,pax,1.0,1.0,2.0,1.0,0.0,1.0,6.0
OG0010915,fox,1.0,1.0,1.0,1.0,1.0,1.0,6.0
OG0011045,hox11:13,1.0,1.0,1.0,1.0,1.0,1.0,6.0
OG0011047,opsin,1.0,1.0,1.0,1.0,1.0,1.0,6.0
OG0011062,opsin,1.0,1.0,1.0,0.0,1.0,2.0,6.0
OG0011066,hox11:13,1.0,1.0,1.0,1.0,1.0,1.0,6.0
OG0011105,NACHT,1.0,1.0,1.0,0.0,1.0,2.0,6.0
OG0011124,NACHT,1.0,1.0,1.0,1.0,1.0,1.0,6.0
OG0011130,opsin,1.0,1.0,1.0,1.0,1.0,1.0,6.0
OG0011130,rhol,1.0,1.0,1.0,1.0,1.0,1.0,6.0
OG0011204,PKS,1.0,1.0,1.0,1.0,1.0,1.0,6.0
OG0011212,TLR,1.0,1.0,1.0,1.0,1.0,1.0,6.0
OG0011219,TLR,1.0,1.0,1.0,1.0,1.0,1.0,6.0
OG0011245,opsin,1.0,1.0,1.0,1.0,1.0,1.0,6.0
OG0011245,rhol,1.0,1.0,1.0,1.0,1.0,1.0,6.0
OG0011250,opsin,1.0,1.0,1.0,1.0,1.0,1.0,6.0
OG0011250,rhol,1.0,1.0,1.0,1.0,1.0,1.0,6.0
OG0011255,opsin,1.0,1.0,1.0,1.0,1.0,1.0,6.0
OG0011255,rhol,1.0,1.0,1.0,1.0,1.0,1.0,6.0
OG0011261,fox,1.0,1.0,1.0,1.0,1.0,1.0,6.0
OG0011276,opsin,1.0,1.0,1.0,0.0,1.0,2.0,6.0
OG0011276,rhol,1.0,1.0,1.0,0.0,1.0,2.0,6.0
OG0011363,PKS,1.0,1.0,1.0,1.0,1.0,1.0,6.0
OG0011374,NACHT,1.0,1.0,1.0,1.0,1.0,1.0,6.0
OG0011377,NACHT,1.0,1.0,1.0,1.0,1.0,1.0,6.0
OG0011405,opsin,1.0,1.0,1.0,1.0,1.0,1.0,6.0
OG0011405,rhol,1.0,1.0,1.0,1.0,1.0,1.0,6.0
OG0011421,SOX,1.0,1.0,1.0,1.0,1.0,1.0,6.0
OG0011470,hox11:13,0.0,1.0,1.0,1.0,1.0,2.0,6.0
OG0011488,rhol,0.0,1.0,2.0,1.0,1.0,1.0,6.0
OG0011497,SRCR,0.0,1.0,2.0,1.0,1.0,1.0,6.0
OG0011499,TLR,0.0,2.0,2.0,0.0,1.0,1.0,6.0
OG0011503,opsin,0.0,1.0,1.0,1.0,0.0,3.0,6.0
OG0011503,rhol,0.0,1.0,1.0,1.0,0.0,3.0,6.0
OG0011504,opsin,0.0,3.0,1.0,1.0,1.0,0.0,6.0
OG0011512,opsin,0.0,1.0,2.0,1.0,1.0,1.0,6.0
OG0011533,opsin,0.0,1.0,1.0,1.0,2.0,1.0,6.0
OG0011533,rhol,0.0,1.0,1.0,1.0,2.0,1.0,6.0
OG0011543,SRCR,0.0,3.0,2.0,0.0,1.0,0.0,6.0
OG0011568,SRCR,0.0,1.0,1.0,2.0,1.0,1.0,6.0
OG0011588,TLR,0.0,1.0,1.0,1.0,1.0,2.0,6.0
OG0011601,opsin,0.0,1.0,1.0,2.0,1.0,1.0,6.0
OG0011601,rhol,0.0,1.0,1.0,2.0,1.0,1.0,6.0
OG0011632,hox11:13,0.0,1.0,1.0,1.0,1.0,2.0,6.0
OG0011653,TLR,0.0,1.0,1.0,1.0,2.0,1.0,6.0
OG0011658,MSP130,0.0,1.0,1.0,1.0,1.0,2.0,6.0
OG0011671,FMO,0.0,1.0,1.0,1.0,1.0,2.0,6.0
OG0011676,NACHT,0.0,1.0,1.0,1.0,1.0,2.0,6.0
OG0011679,SRCR,0.0,1.0,2.0,1.0,1.0,1.0,6.0
OG0011693,TLR,0.0,1.0,2.0,1.0,1.0,1.0,6.0
OG0011704,SRCR,0.0,2.0,1.0,1.0,1.0,1.0,6.0
OG0011705,SRCR,0.0,1.0,1.0,2.0,1.0,1.0,6.0
OG0011723,SM50,0.0,2.0,1.0,1.0,1.0,1.0,6.0
OG0011724,opsin,0.0,1.0,1.0,1.0,1.0,2.0,6.0
OG0011724,rhol,0.0,1.0,1.0,1.0,1.0,2.0,6.0
OG0011768,hox11:13,0.0,1.0,2.0,1.0,1.0,1.0,6.0
OG0011768,pax,0.0,1.0,2.0,1.0,1.0,1.0,6.0
OG0011788,opsin,0.0,1.0,2.0,1.0,1.0,1.0,6.0
OG0011791,fox,0.0,1.0,2.0,0.0,0.0,3.0,6.0
OG0011798,opsin,0.0,1.0,2.0,1.0,1.0,1.0,6.0
OG0011798,rhol,0.0,1.0,2.0,1.0,1.0,1.0,6.0
OG0011846,NACHT,0.0,1.0,2.0,1.0,1.0,1.0,6.0
OG0011855,opsin,0.0,2.0,2.0,0.0,1.0,1.0,6.0
OG0011855,rhol,0.0,2.0,2.0,0.0,1.0,1.0,6.0
OG0011901,SRCR,0.0,1.0,1.0,2.0,1.0,1.0,6.0
OG0011952,SRCR,0.0,1.0,2.0,1.0,2.0,0.0,6.0
OG0011964,SRCR,0.0,1.0,2.0,1.0,1.0,1.0,6.0
OG0011977,TLR,0.0,1.0,3.0,0.0,1.0,1.0,6.0
OG0011978,FMO,0.0,1.0,1.0,2.0,2.0,0.0,6.0
OG0011980,opsin,0.0,1.0,1.0,1.0,1.0,2.0,6.0
OG0011980,rhol,0.0,1.0,1.0,1.0,1.0,2.0,6.0
OG0012027,SRCR,0.0,0.0,0.0,0.0,3.0,3.0,6.0
OG0012054,opsin,1.0,1.0,1.0,0.0,1.0,1.0,5.0
OG0012054,rhol,1.0,1.0,1.0,0.0,1.0,1.0,5.0
OG0012056,opsin,1.0,1.0,1.0,0.0,1.0,1.0,5.0
OG0012056,rhol,1.0,1.0,1.0,0.0,1.0,1.0,5.0
OG0012136,opsin,1.0,1.0,1.0,1.0,0.0,1.0,5.0
OG0012136,rhol,1.0,1.0,1.0,1.0,0.0,1.0,5.0
OG0012142,opsin,1.0,1.0,1.0,0.0,1.0,1.0,5.0
OG0012142,rhol,1.0,1.0,1.0,0.0,1.0,1.0,5.0
OG0012145,fox,1.0,1.0,1.0,1.0,0.0,1.0,5.0
OG0012190,NACHT,1.0,1.0,0.0,1.0,1.0,1.0,5.0
OG0012192,fox,1.0,1.0,1.0,1.0,0.0,1.0,5.0
OG0012197,fox,1.0,1.0,1.0,1.0,0.0,1.0,5.0
OG0012236,opsin,1.0,1.0,1.0,0.0,1.0,1.0,5.0
OG0012236,rhol,1.0,1.0,1.0,0.0,1.0,1.0,5.0
OG0012249,hox11:13,1.0,1.0,1.0,0.0,0.0,2.0,5.0
OG0012252,opsin,1.0,1.0,1.0,1.0,0.0,1.0,5.0
OG0012252,rhol,1.0,1.0,1.0,1.0,0.0,1.0,5.0
OG0012271,opsin,1.0,1.0,1.0,1.0,0.0,1.0,5.0
OG0012271,rhol,1.0,1.0,1.0,1.0,0.0,1.0,5.0
OG0012301,pax,1.0,1.0,1.0,0.0,1.0,1.0,5.0
OG0012310,fox,1.0,1.0,1.0,1.0,0.0,1.0,5.0
OG0012313,opsin,1.0,1.0,1.0,0.0,1.0,1.0,5.0
OG0012313,rhol,1.0,1.0,1.0,0.0,1.0,1.0,5.0
OG0012315,opsin,0.0,1.0,1.0,1.0,1.0,1.0,5.0
OG0012315,rhol,0.0,1.0,1.0,1.0,1.0,1.0,5.0
OG0012318,opsin,0.0,1.0,1.0,1.0,1.0,1.0,5.0
OG0012318,rhol,0.0,1.0,1.0,1.0,1.0,1.0,5.0
OG0012345,opsin,0.0,1.0,1.0,0.0,1.0,2.0,5.0
OG0012345,rhol,0.0,1.0,1.0,0.0,1.0,2.0,5.0
OG0012348,hox11:13,0.0,1.0,1.0,1.0,1.0,1.0,5.0
OG0012400,opsin,0.0,1.0,1.0,0.0,1.0,2.0,5.0
OG0012407,opsin,0.0,2.0,1.0,1.0,0.0,1.0,5.0
OG0012407,rhol,0.0,2.0,1.0,1.0,0.0,1.0,5.0
OG0012437,opsin,0.0,1.0,2.0,0.0,1.0,1.0,5.0
OG0012437,rhol,0.0,1.0,2.0,0.0,1.0,1.0,5.0
OG0012441,opsin,0.0,1.0,2.0,1.0,0.0,1.0,5.0
OG0012470,pax,0.0,1.0,1.0,1.0,1.0,1.0,5.0
OG0012473,opsin,0.0,1.0,1.0,1.0,0.0,2.0,5.0
OG0012479,hox11:13,0.0,1.0,1.0,1.0,1.0,1.0,5.0
OG0012480,opsin,0.0,1.0,1.0,1.0,1.0,1.0,5.0
OG0012480,rhol,0.0,1.0,1.0,1.0,1.0,1.0,5.0
OG0012482,opsin,0.0,1.0,1.0,1.0,1.0,1.0,5.0
OG0012482,rhol,0.0,1.0,1.0,1.0,1.0,1.0,5.0
OG0012491,TLR,0.0,1.0,1.0,1.0,1.0,1.0,5.0
OG0012504,NACHT,0.0,1.0,1.0,1.0,1.0,1.0,5.0
OG0012546,hox11:13,0.0,1.0,1.0,1.0,1.0,1.0,5.0
OG0012558,opsin,0.0,1.0,2.0,0.0,1.0,1.0,5.0
OG0012558,rhol,0.0,1.0,2.0,0.0,1.0,1.0,5.0
OG0012559,opsin,0.0,1.0,1.0,1.0,1.0,1.0,5.0
OG0012565,rhol,0.0,1.0,1.0,0.0,1.0,2.0,5.0
OG0012575,TLR,0.0,1.0,1.0,1.0,1.0,1.0,5.0
OG0012627,opsin,0.0,1.0,1.0,1.0,1.0,1.0,5.0
OG0012627,rhol,0.0,1.0,1.0,1.0,1.0,1.0,5.0
OG0012631,opsin,0.0,1.0,1.0,1.0,1.0,1.0,5.0
OG0012631,rhol,0.0,1.0,1.0,1.0,1.0,1.0,5.0
OG0012688,opsin,0.0,1.0,1.0,0.0,2.0,1.0,5.0
OG0012722,SRCR,0.0,1.0,1.0,1.0,1.0,1.0,5.0
OG0012724,opsin,0.0,3.0,2.0,0.0,0.0,0.0,5.0
OG0012724,rhol,0.0,3.0,2.0,0.0,0.0,0.0,5.0
OG0012768,opsin,0.0,1.0,1.0,1.0,1.0,1.0,5.0
OG0012780,SRCR,0.0,1.0,1.0,1.0,1.0,1.0,5.0
OG0012802,SOX,0.0,1.0,1.0,1.0,1.0,1.0,5.0
OG0012806,opsin,0.0,1.0,1.0,1.0,0.0,2.0,5.0
OG0012806,rhol,0.0,1.0,1.0,1.0,0.0,2.0,5.0
OG0012810,hox11:13,0.0,1.0,1.0,1.0,1.0,1.0,5.0
OG0012818,opsin,0.0,1.0,1.0,0.0,0.0,3.0,5.0
OG0012823,opsin,0.0,1.0,1.0,1.0,1.0,1.0,5.0
OG0012823,rhol,0.0,1.0,1.0,1.0,1.0,1.0,5.0
OG0012826,opsin,0.0,1.0,1.0,1.0,0.0,2.0,5.0
OG0012828,rhol,0.0,1.0,2.0,0.0,1.0,1.0,5.0
OG0012866,pax,0.0,1.0,1.0,1.0,1.0,1.0,5.0
OG0012894,SRCR,0.0,1.0,1.0,1.0,1.0,1.0,5.0
OG0012899,SRCR,0.0,2.0,3.0,0.0,0.0,0.0,5.0
OG0012908,SRCR,0.0,1.0,1.0,1.0,1.0,1.0,5.0
OG0012909,hox11:13,0.0,1.0,1.0,1.0,1.0,1.0,5.0
OG0012909,pax,0.0,1.0,1.0,1.0,1.0,1.0,5.0
OG0012923,rhol,0.0,1.0,1.0,0.0,2.0,1.0,5.0
OG0012944,SRCR,0.0,0.0,4.0,0.0,0.0,1.0,5.0
OG0012946,opsin,0.0,0.0,2.0,3.0,0.0,0.0,5.0
OG0012946,rhol,0.0,0.0,2.0,3.0,0.0,0.0,5.0
OG0012959,SRCR,0.0,0.0,1.0,2.0,2.0,0.0,5.0
OG0012970,SRCR,0.0,0.0,0.0,5.0,0.0,0.0,5.0
OG0013066,TLR,2.0,0.0,0.0,0.0,1.0,1.0,4.0
OG0013150,opsin,1.0,1.0,1.0,0.0,0.0,1.0,4.0
OG0013150,rhol,1.0,1.0,1.0,0.0,0.0,1.0,4.0
OG0013188,SRCR,2.0,1.0,1.0,0.0,0.0,0.0,4.0
OG0013189,rhol,1.0,0.0,1.0,0.0,1.0,1.0,4.0
OG0013203,TLR,1.0,1.0,1.0,0.0,0.0,1.0,4.0
OG0013208,pax,1.0,1.0,1.0,0.0,0.0,1.0,4.0
OG0013219,SRCR,0.0,1.0,1.0,0.0,1.0,1.0,4.0
OG0013225,opsin,0.0,1.0,1.0,1.0,0.0,1.0,4.0
OG0013226,opsin,0.0,1.0,1.0,1.0,0.0,1.0,4.0
OG0013226,rhol,0.0,1.0,1.0,1.0,0.0,1.0,4.0
OG0013231,hox11:13,0.0,1.0,1.0,0.0,1.0,1.0,4.0
OG0013244,SRCR,0.0,1.0,1.0,1.0,0.0,1.0,4.0
OG0013262,SRCR,0.0,1.0,1.0,0.0,1.0,1.0,4.0
OG0013281,opsin,0.0,1.0,1.0,1.0,0.0,1.0,4.0
OG0013284,opsin,0.0,2.0,2.0,0.0,0.0,0.0,4.0
OG0013293,opsin,0.0,3.0,1.0,0.0,0.0,0.0,4.0
OG0013315,opsin,0.0,1.0,1.0,0.0,1.0,1.0,4.0
OG0013315,rhol,0.0,1.0,1.0,0.0,1.0,1.0,4.0
OG0013318,opsin,0.0,1.0,1.0,0.0,1.0,1.0,4.0
OG0013318,rhol,0.0,1.0,1.0,0.0,1.0,1.0,4.0
OG0013324,opsin,0.0,1.0,1.0,0.0,1.0,1.0,4.0
OG0013324,rhol,0.0,1.0,1.0,0.0,1.0,1.0,4.0
OG0013329,rhol,0.0,1.0,1.0,0.0,1.0,1.0,4.0
OG0013333,rhol,0.0,1.0,1.0,0.0,1.0,1.0,4.0
OG0013364,SM30,0.0,1.0,1.0,1.0,0.0,1.0,4.0
OG0013367,rhol,0.0,1.0,1.0,1.0,0.0,1.0,4.0
OG0013390,opsin,0.0,1.0,1.0,0.0,1.0,1.0,4.0
OG0013390,rhol,0.0,1.0,1.0,0.0,1.0,1.0,4.0
OG0013407,SRCR,0.0,1.0,1.0,1.0,0.0,1.0,4.0
OG0013410,rhol,0.0,1.0,1.0,2.0,0.0,0.0,4.0
OG0013423,opsin,0.0,1.0,1.0,1.0,0.0,1.0,4.0
OG0013423,rhol,0.0,1.0,1.0,1.0,0.0,1.0,4.0
OG0013427,opsin,0.0,1.0,1.0,0.0,0.0,2.0,4.0
OG0013427,rhol,0.0,1.0,1.0,0.0,0.0,2.0,4.0
OG0013448,SRCR,0.0,2.0,2.0,0.0,0.0,0.0,4.0
OG0013493,TLR,0.0,1.0,1.0,0.0,1.0,1.0,4.0
OG0013543,SRCR,0.0,0.0,1.0,1.0,1.0,1.0,4.0
OG0013554,opsin,0.0,0.0,1.0,2.0,0.0,1.0,4.0
OG0013562,opsin,0.0,0.0,1.0,1.0,0.0,2.0,4.0
OG0013599,SRCR,0.0,0.0,0.0,1.0,3.0,0.0,4.0
OG0013645,SRCR,0.0,0.0,0.0,0.0,1.0,3.0,4.0
OG0013660,SRCR,0.0,0.0,0.0,0.0,0.0,4.0,4.0
OG0013661,SRCR,0.0,0.0,0.0,0.0,0.0,4.0,4.0
OG0013665,SRCR,0.0,0.0,0.0,0.0,0.0,4.0,4.0
OG0013757,opsin,1.0,1.0,1.0,0.0,0.0,0.0,3.0
OG0013961,rhol,0.0,1.0,1.0,0.0,1.0,0.0,3.0
OG0014001,opsin,0.0,1.0,1.0,0.0,0.0,1.0,3.0
OG0014006,opsin,0.0,1.0,2.0,0.0,0.0,0.0,3.0
OG0014028,opsin,0.0,2.0,1.0,0.0,0.0,0.0,3.0
OG0014028,rhol,0.0,2.0,1.0,0.0,0.0,0.0,3.0
OG0014029,opsin,0.0,2.0,1.0,0.0,0.0,0.0,3.0
OG0014037,TLR,0.0,1.0,1.0,0.0,0.0,1.0,3.0
OG0014044,opsin,0.0,1.0,1.0,0.0,0.0,1.0,3.0
OG0014050,SM30,0.0,1.0,1.0,0.0,0.0,1.0,3.0
OG0014055,NACHT,0.0,1.0,1.0,0.0,1.0,0.0,3.0
OG0014062,hox11:13,0.0,1.0,1.0,0.0,0.0,1.0,3.0
OG0014068,opsin,0.0,1.0,1.0,0.0,0.0,1.0,3.0
OG0014068,rhol,0.0,1.0,1.0,0.0,0.0,1.0,3.0
OG0014086,rhol,0.0,1.0,1.0,0.0,0.0,1.0,3.0
OG0014118,SRCR,0.0,1.0,1.0,0.0,0.0,1.0,3.0
OG0014129,SRCR,0.0,1.0,0.0,0.0,0.0,2.0,3.0
OG0014179,SM30,0.0,1.0,1.0,1.0,0.0,0.0,3.0
OG0014231,SRCR,0.0,0.0,3.0,0.0,0.0,0.0,3.0
OG0014260,TLR,0.0,0.0,1.0,0.0,0.0,2.0,3.0
OG0014271,TLR,0.0,0.0,0.0,1.0,1.0,1.0,3.0
OG0014310,TLR,0.0,0.0,0.0,2.0,0.0,1.0,3.0
OG0014374,SRCR,0.0,0.0,0.0,0.0,3.0,0.0,3.0
OG0014388,SRCR,0.0,0.0,0.0,0.0,3.0,0.0,3.0
OG0014404,TLR,0.0,0.0,0.0,0.0,1.0,2.0,3.0
OG0014418,TLR,0.0,0.0,0.0,0.0,0.0,3.0,3.0
OG0014997,SRCR,0.0,1.0,1.0,0.0,0.0,0.0,2.0
OG0015002,opsin,0.0,1.0,1.0,0.0,0.0,0.0,2.0
OG0015002,rhol,0.0,1.0,1.0,0.0,0.0,0.0,2.0
OG0015029,FMO,0.0,1.0,1.0,0.0,0.0,0.0,2.0
OG0015101,TLR,0.0,1.0,1.0,0.0,0.0,0.0,2.0
OG0015103,SM30,0.0,1.0,1.0,0.0,0.0,0.0,2.0
OG0015139,TLR,0.0,1.0,1.0,0.0,0.0,0.0,2.0
OG0015184,SRCR,0.0,1.0,1.0,0.0,0.0,0.0,2.0
OG0015236,opsin,0.0,1.0,1.0,0.0,0.0,0.0,2.0
OG0015236,rhol,0.0,1.0,1.0,0.0,0.0,0.0,2.0
OG0015258,TLR,0.0,1.0,1.0,0.0,0.0,0.0,2.0
OG0015268,SRCR,0.0,1.0,1.0,0.0,0.0,0.0,2.0
OG0015269,SRCR,0.0,1.0,1.0,0.0,0.0,0.0,2.0
OG0015279,opsin,0.0,1.0,1.0,0.0,0.0,0.0,2.0
OG0015280,opsin,0.0,1.0,1.0,0.0,0.0,0.0,2.0
OG0015281,SRCR,0.0,1.0,1.0,0.0,0.0,0.0,2.0
OG0015305,SRCR,0.0,0.0,2.0,0.0,0.0,0.0,2.0
OG0015333,opsin,0.0,0.0,1.0,0.0,0.0,1.0,2.0
OG0015372,TLR,0.0,0.0,1.0,1.0,0.0,0.0,2.0
OG0015376,TLR,0.0,0.0,1.0,0.0,1.0,0.0,2.0
OG0015418,rhol,0.0,0.0,1.0,0.0,0.0,1.0,2.0
OG0015420,SRCR,0.0,0.0,1.0,0.0,0.0,1.0,2.0
OG0015536,PKS,0.0,0.0,0.0,1.0,1.0,0.0,2.0
OG0015553,SRCR,0.0,0.0,0.0,2.0,0.0,0.0,2.0
OG0015661,SRCR,0.0,0.0,0.0,0.0,2.0,0.0,2.0
OG0015773,TLR,0.0,0.0,0.0,0.0,1.0,1.0,2.0
OG0015831,SRCR,0.0,0.0,0.0,0.0,2.0,0.0,2.0
OG0015875,rhol,0.0,0.0,0.0,0.0,1.0,1.0,2.0
OG0015941,TLR,0.0,0.0,0.0,0.0,0.0,2.0,2.0
OG0015962,NACHT,0.0,0.0,0.0,0.0,0.0,2.0,2.0
OG0015975,NACHT,0.0,0.0,0.0,0.0,0.0,2.0,2.0
OG0015981,SRCR,0.0,0.0,0.0,0.0,0.0,2.0,2.0
OG0016009,opsin,0.0,0.0,0.0,0.0,0.0,2.0,2.0
OG0016009,rhol,0.0,0.0,0.0,0.0,0.0,2.0,2.0
OG0016016,SRCR,0.0,0.0,0.0,0.0,0.0,2.0,2.0
OG0016019,SRCR,0.0,0.0,0.0,0.0,0.0,2.0,2.0
OG0016047,SRCR,0.0,0.0,0.0,0.0,0.0,2.0,2.0
